{"id":1,"name":"Nintendo Switch","release":"3 March 2017","price":"Starts from £279 <a href='https://store.nintendo.co.uk/en_gb/consoles/nintendo-switch-consoles/nintendo-switch/'>Click here to go to the Nintendo Store</a>","capacity":"32 GB","description":"Unlike the PS4 and Xbox One S, though, the Nintendo Switch iswhat’s known as a hybrid console. This means you can connect it to a TV and play it in the normal home console style. However, you can also use it as a wireless handheld device — not unlike the Nintendo 3DS, another insanely popular Nintendo product.In other words, the Switch offers the best of both worlds: the power to run home console gamesthat look and play great on a television as well as the ability to play those same games on the go.The Nintendo Switch is officiallythe company’s second-best-selling home console of all-time with over74 million units sold to date. That puts it far behind the Nintendo Wii(~102 million units) but well ahead of the original Nintendo Entertainment System(~62 million units). It is not unreasonable to expect it will eventually outsellthe Wii to become the biggest home console of all time from the brand.<br>The Switch is an absolute must-buy, without question. If you’re a casual gamer, the Switch would likely be a good investment because you can use it for both  your home console and handheld console needs without buying two separate devices. If you’re a hardcore gamer who wants access to every game and the ability to play them at the highest quality possible, the Switch is likely not what you’re looking for."}