{"id":1,"rankno":"1", "name":"Dragon Quest XI S: Echoes of an elusive age","releasedate":"September 27,2017", "genre":"Role-Playing, Japanese-Style","availability":"<br><a href='https://store.nintendo.co.uk/en_gb/dragon-quest-xi-s-echoes-of-an-elusive-age---definitive-edition-70010000021468.html'><button>Nintendo</button></a><br><a href='https://www.amazon.co.uk/Dragon-Quest-XI-Definitive-Nintendo/dp/B07SJFWCSL'><button>Amazon</button></a><br><a href='https://www.pricerunner.com/pl/1583-4910075/Nintendo-Switch-Games/Dragon-Quest-XI-S-Echoes-of-an-Elusive-Age-Definitive-Edition-Compare-Prices'><button>PriceRunner</button></a>","averageuserscore":"10","reviewscore":"5","reccomendations":"Yakuza:Like a Dragon","gameprice":"£40.00","gamedevelopers":"Square Enix","agerating":"T","gameinformation":" Dragon Quest XI: Echoes of an Elusive Age tells a captivating tale of a hunted hero and is the long-awaited role-playing game from series creator Yuji Horii, character designer Akira Toriyama and composer Koichi Sugiyama. While it is the eleventh mainline entry in the critically acclaimed series, Dragon Quest XI is a completely standalone experience that features entirely new characters, a beautifully detailed world, finely tuned turn-based combat, and an immersive story that will appeal to long-time fans and franchise newcomers alike. A young man, about to participate in his village's coming of age ceremony, travels to a Sacred Stone alongside his childhood friend. After a series of unexpected events, this intrepid adventurer learns he is the reincarnation of a legendary hero from a forgotten age. The young hero sets forth into an unknown world on a journey to unravel the mystery of his past... but the welcome he receives is far from warm. Upon revealing his identity to the King, the hero is branded as 'The Dark spawn' and hunted by a relentless army. Fleeing from his pursuers, the hero assembles a band of endearing adventurers who believe he is actually The Luminary reborn. The hero and his newfound companions embark on a quest that will take them across continents and over vast oceans as they learn of an ominous threat facing the world."}
{"id":2,"rankno":"2", "name":"Ori and the Blind Forest ","releasedate":"September 27, 2019" ,"genre":"Action Platformer 2D","availability":"<br><a href='https://www.amazon.co.uk/Ori-Blind-Forest-Nintendo-Switch/dp/B08KFSVRYV'><button>Amazon</button></a><br><a href='https://www.ebay.co.uk/p/8042973544><button>Ebay</button></a><br><a href='https://www.very.co.uk/nintendo-switch-ori-and-the-blind-forest-definitive-edition/1600544537.prd'><button>Very</button></a><br><a href='https://www.game.co.uk/en/ori-and-the-blind-forest-definitive-edition-2838969'><button>Game</button></a>","averageuserscore":"9.7","reviewscore":"5","reccomendations":"Forgotton Anne","gameprice":"£35.00","gamedevelopers":"Moon Studios","agerating":"T","gameinformation":" Ori and the Blind Forest: Definitive Edition delivers a multitude of new areas, difficulty options, and gameplay upgrades that should appeal to both new and seasoned Ori players."}
{"id":3,"rankno":"3", "name":"Super Mario 3D World + Browser's Fury","releasedate":"February 12,2021", "genre":"Action Platformer 3D","availability":"<br><a href='https://store.nintendo.co.uk/en_gb/super-mario-3d-world-bowsers-fury-000000000010004559.html'><button>Nintendo</button></a><br><a href='https://www.currys.co.uk/gbuk/gaming/console-gaming/games/nintendo-switch-super-mario-3d-world-bowser-s-fury-10218544-pdt.html'><button>Currys</button></a><br><a href='https://www.game.co.uk/en/super-mario-3d-world-bowsers-fury-2832852'><button>Game</button></a> ","averageuserscore":"9","reviewscore":"4.8","reccomendations":"Yoshi's Crafted World' ","gameprice":"£49.99","gamedevelopers":"Nintendo","agerating":"E","gameinformation":"The cat's out of the bag, Super Mario 3D World is on to the Nintendo Switch system. Pounce and climb through dozens of colorful stages! Mario (and his friends) can use power-ups like the Super Bell, which grants catlike abilities, like climbing and scratching. Work together locally or online with up to three other players to reach the goaland to see who can get a high score. The Super Mario 3D World + Bowser's Fury game features the same great co-op gameplay, creative levels and power-ups as the original game, but also so much more."}
{"id":4,"rankno":"4", "name":"Bravery Default 2 ","releasedate":"February 26,2021","genre":"Role-Playing Japanese-Style","availability":"<br><a href='https://www.argos.co.uk/product/3263208?istCompanyId=a74d8886-5df9-4baa-b776-166b3bf9111c&$ja=tsid%3A11674%7Cprd%3A7900456&utm_source=Pricespy+Ltd&utm_medium=affiliates&utm_campaign=IntelligentReach+Argos+Feed&utm_content=13874228&utm_custom1=7900456&utm_custom2=Other&cmpid=cojun&cjevent=5d28cc81a91011eb83d56e900a180514&cjdata=MXxZfDB8WXww&dclid=CjgKEAjwsqmEBhDwt_mQkLKe0xQSJABYJYOaGsiZKvASuogBceyj1Q63Xjz1gzNxVjxVnZGXkZbmFPD_BwE'><button>Argos</button></a><br><a href='https://www.currys.co.uk/gbuk/gaming/console-gaming/games/nintendo-switch-bravely-default-ii-10220516-pdt.html?istCompanyId=bec25c7e-cbcd-460d-81d5-a25372d2e3d7&istFeedId=2f489429-2329-4fcd-941a-a6a497a10e1d&istItemId=iapatrxxx&istBid=t&awc=1599_1619717518_0126d19b185ee6d9895aa43768cc188b&srcid=369&xtor=AL-1&cmpid=aff~PriceSpy~Comparison+Engine~137991~Pricespy+Ltd'><button>Currys</button></a><br><a href='https://www.365games.co.uk/nintendo-switch-games/bravely-default-ii-nintendo-switch-game'><button>365 Games</button></a>","averageuserscore":"8.7","reviewscore":"4.6","reccomendations":"Fire Emblem: Three Houses","gameprice":"£39.99","gamedevelopers":"Claytech Works","agerating":"T","gameinformation":"Step into a brand-new world with four brand-new heroes. A new world, a new story, and all-new Heroes of Light await in an original RPG experience arriving on the Nintendo Switch system in 2020! This successor to the original Bravely Default game comes from the team that brought you the Bravely series and Octopath Traveler, and features music from Revo (Sound Horizon/Linked Horizon), acclaimed composer of the Bravely Default soundtrack."}
{"id":5,"rankno":"5", "name":"Fire Emblem: Three Houses ","releasedate":"July 26, 2019","genre":"Stratedy Turn-Based Tactics","availability":"<br><a href='https://store.nintendo.co.uk/en_gb/fire-emblem-three-houses-70010000007605.html'><button>Nintendo</button></a><br><a href ='https://www.argos.co.uk/product/1405587'><button>Argos</button></a><br><a href='https://www.amazon.co.uk/Fire-Emblem-Houses-Nintendo-Switch/dp/B07NSNT5HQ'><button>Amazon</button></a>","averageuserscore":"8.5","reviewscore":"4.5","reccomendations":"XCOM 2","gameprice":"£49.99","gamedevelopers":"Intelligent Systems Koei Tecmo Games","agerating":"T","gameinformation":" War is coming to the continent of Fódlan. Here, order is maintained by the Church of Seiros, which hosts the prestigious Officer's Academy within its headquarters. You are invited to teach one of its three mighty houses, each comprised of students brimming with personality and represented by a royal from one of three territories. As their professor, you must lead your students in their academic lives and in turn-based, tactical RPG battles wrought with strategic, new twists to overcome. Which house, and which path, will you choose?"}
{"id":6,"rankno":"6", "name":"What remains of Edith Finch","releasedate":"July 4, 2019","genre":"Adventure, 3D, First-Person","availability":"<br><a href='https://www.amazon.com/What-Remains-Edith-Finch-Nintendo/dp/B07W1S7K9T'><button>Amazon</button></a><br><a href='https://www.etsy.com/listing/782184416/what-remains-of-edith-finch-nintendo?utm_source=google&utm_medium=cpc&utm_campaign=Search_UK_DSA_GGL_Categories_Toys-Games_New&utm_ag=Video%2BGames&utm_custom1=_k_Cj0KCQjwsqmEBhDiARIsANV8H3ai8sXqH-6nYRaTkEjJYGtIkx4BNC-ZhdxMtDK861O1zR0dVVRJ4hQaApmJEALw_wcB_k_&utm_content=go_10026060872_97800140861_473250495749_dsa-48726408128_c_&utm_custom2=10026060872&gclid=Cj0KCQjwsqmEBhDiARIsANV8H3ai8sXqH-6nYRaTkEjJYGtIkx4BNC-ZhdxMtDK861O1zR0dVVRJ4hQaApmJEALw_wcB'><button>Etsy</button></a><br><a href='https://www.target.com/p/what-remains-of-edith-finch-nintendo-switch-digital/-/A-79405694'><button>Target</button></a>","averageuserscore":"8","reviewscore":"4","reccomendations":"Night in the woods","gameprice":"£14.34","gamedevelopers":"Giant Sparrow","agerating":"T","gameinformation":"What Remains of Edith Finch is a collection of short stories about a cursed family in Washington State."}
{"id":7,"rankno":"7", "name":"Downwell ","releasedate":"January 31,2019","genre":"Action, General","availability":"<br><a href='https://www.amazon.com/Downwell-Nintendo-Switch-Digital-Code/dp/B07NVQ811V'><button>Amazon</button></a><br><a href='https://www.nintendo.co.uk/Games/Nintendo-Switch-download-software/Downwell-1503040.html'><button>Nintendo</button></a><br><a href='https://specialreservegames.com/downwell-switch-reserve/'><button>Special Reserve Games</button></a> ","averageuserscore":"7.8","reviewscore":"3.9","reccomendations":"Olija","gameprice":"£21.51 or £2.14 for Digital Code","gamedevelopers":"Moppin","agerating":"E10+","gameinformation":"Downwell is a curious game about a young person venturing down a well in search of untold treasures with only his Gunboots for protection. Make your way further and further down into the darkness filled with nasty creatures and mysterious secrets to collect the spectacular red gems scattered about the rocks. Step into precariously placed shops and buy some helpful items or level up between levels to battle well-dwelling monsters and uncover hidden caves filled with riches and relics. No two trips down the well are ever the same."}
{"id":8,"rankno":"8", "name":"Cuphead ","releasedate":"April 17,2019","genre":"Action, Platformer, 2D","availability":"<br><a href='https://www.gamingdragons.com/en/game/buy-cuphead-nintendo-switch-code.html'><button>Gaming Dragons</buttons></a><br><a href='https://www.etsy.com/uk/listing/684579042/cuphead-nintendo-switch-game-case-with?ga_order=most_relevant&ga_search_type=all&ga_view_type=gallery&ga_search_query=cuphead+nintendo+switch+game&ref=sr_gallery-1-1&from_market_listing_grid_organic=1'><button>Etsy</button></a><br><a href='https://www.nintendo.com/games/detail/cuphead-switch/'><button>Nintendo</button></a>","averageuserscore":"7.5","reviewscore":"3.7 ","reccomendations":"Cyber Shadow","gameprice":"£21.83","gamedevelopers":"Studio MDHR","agerating":"E10+","gameinformation":"Cuphead is a classic run and gun action game heavily focused on boss battles. Inspired by cartoons of the 1930s, the visuals and audio are painstakingly created with the same techniques of the era, i.e. traditional hand drawn cel animation, watercolor backgrounds, and original jazz recordings.Play as Cuphead or Mugman (in single player or local co-op) as you traverse strange worlds, acquire new weapons, learn powerful super moves, and discover hidden secrets while you try and pay your debt back to the devil!"}
{"id":9,"rankno":"9", "name":"The Legend of Zelda: Link's Awakening ","releasedate":"September 20,2019","genre":"Action Adventure, Open-World","availability":"<br><a href='https://www.amazon.co.uk/Legend-Zelda-Links-Awakening-Nintendo/dp/B07SMRLNJH'><button>Amazon</button><br><a href='https://www.currys.co.uk/gbuk/gaming/console-gaming/games/nintendo-switch-the-legend-of-zelda-links-awakening-10194444-pdt.html'><button>Currys</button></a><br><a href='https://store.nintendo.co.uk/en_gb/the-legend-of-zelda-links-awakening-70010000020034.html'><button>Nintendo</button></a> ","averageuserscore":"7","reviewscore":"3.5","reccomendations":"The Swords of Ditto","gameprice":"£36.99","gamedevelopers":" Nintendo, GREZZO","agerating":"E","gameinformation":" [*Reviews will go up on September 19 at 5am Pacific] 26 years after its original release on Game Boy, The Legend of Zelda: Link's Awakening will be reborn as a new experience on Nintendo Switch. Buffeted by a storm, Link washes ashore on the mysterious Koholint Island. In order to return home, Link must overcome challenging dungeons and battle against fearsome monsters. This new version of the classic adventure includes many unique elements that appeared in the original Game Boy release, such as 2D platformer-style rooms and appearances from characters outside of The Legend of Zelda series."}
{"id":10,"rankno":"10","name":"SaGa Frontier Remastered","releasedate":"April 15,2021,","genre":"Role-Playing, Japanese-Style","availability":"<br><a href='https://www.365games.co.uk/nintendo-switch-games/saga-frontier-remastered-nintendo-switch-game-ntsc-j-version'><button>365 Games</button></a><br><a href='https://www.shop4world.com/nintendo-switch-games/saga-frontier-remastered-nintendo-switch-game-ntsc-j-version?language=en&gclid=cj0kcqjwsqmebhdiarisanv8h3zoz2aqcb8mnhgf0aiqvl_oxk8frik_ay_j48z_ukxkl08db85e0m0aagz4ealw_wcb'><button>Shop 4 World</button></a><br><a href='https://www.amazon.com/Saga-Frontier-Remastered-Switch-Digital/dp/B08ZDWHDTH'><button>Amazon</button></a>","averageuserscore":"6","reviewscore":"2.9","reccomendations":"Legrand Legacy","gameprice":"£34.19","gamedevelopers":" Square Enix, Bullets","agerating":"T","gameinformation":"The 1998 PlayStation® classic is back: SaGa Frontier is remastered. The team of eight have returned – now with Fuse added as a playable character. Choose your favorite character and embark on your own unique journey. Each of the eight characters have different goals and endings. Your choices will affect how events unfold using the Free-Form Scenario System. This in-depth system will allow you to manipulate and expand a story all your own. Challenge yourself in nail-biting battles by using 'glimmer' as well as learning new skills such as the ability to fire consecutive special attacks from multiple team members. "}
