{"id":1,"heading":"Dragon Quest XI S: Echoes of an elusive age","thumb_href":"review-thumb01.jpg","img_href":"review-main01.jpg"}
{"id":2,"heading":"Ori and the Blind Forest","thumb_href":"review-thumb02.jpg","img_href":"review-main02.jpg"}
{"id":3,"heading":"Super Mario 3D World + Browser's Fury","thumb_href":"review-thumb03.jpg","img_href":"review-main03.jpg"}
{"id":4,"heading":"Bravery Default 2","thumb_href":"review-thumb04.jpg","img_href":"review-main04.jpg"}
{"id":5,"heading":"Fire Emblem: Three Houses","thumb_href":"review-thumb05.jpg","img_href":"review-main05.jpg"}
{"id":6,"heading":"What remains of Edith Finch","thumb_href":"review-thumb06.jpg","img_href":"review-main06.jpg"}
{"id":7,"heading":"Downwell","thumb_href":"review-thumb07.jpg","img_href":"review-main07.jpg"}
{"id":8,"heading":"Cuphead","thumb_href":"review-thumb08.jpg","img_href":"review-main08.jpg"}
{"id":9,"heading":"The Legend of Zelda: Link's Awakening","thumb_href":"review-thumb09.jpg","img_href":"review-main09.jpg"} 
{"id":10,"heading":"SaGa Frontier Remastered","thumb_href":"review-thumb09.jpg","img_href":"review-main09.jpg"}